time,roll,pitch,rough roll,rough pitch
0.5709612369537354,0.0,0.0,-0.3511444055181116,0.17557055414905173
0.5866248607635498,0.0,1.1459919983885924,-0.17539469552862383,0.05846478690517532
0.602468729019165,0.0,1.1459919983885924,-0.1750374784143215,-0.05834571521424893
0.616469144821167,0.0,1.1459919983885924,0.23385902587326707,-0.23385707790569818
0.6314752101898193,-1.1462212044111983,1.1459919983885924,0.23338273985190525,-0.17503602633629592
0.6464850902557373,-1.1239771973397576,2.303911156222503,0.05810928992727925,0.1743273019594023
0.6624679565429688,-1.1239771973397576,2.303911156222503,-0.058168284089735255,-0.0
0.6775150299072266,-1.1239771973397576,2.303911156222503,-0.23290838992052318,0.2329064656117642
0.6920504570007324,-1.1239771973397576,2.303911156222503,-0.058168284089735255,0.0
0.7072749137878418,-1.1010445927901908,2.3153796288445196,0.1743273916152851,0.058109020959077544
0.7222723960876465,-1.1010445927901908,2.3153796288445196,0.23243596429789967,-0.23243405167497005
0.7372734546661377,-1.1010445927901908,2.3153796288445196,0.1165731443616064,-0.23314484106219957
0.75240159034729,-1.0781116354179177,2.326848194283665,-0.0,0.05822739815890182
0.7672877311706543,-1.0781116354179177,2.326848194283665,-0.174859414944326,-0.1165726014867133
0.7822971343994141,-1.044757125348474,3.4742529064897143,-0.1165731443616064,0.1748590530281988
0.7968416213989258,-1.0103218436306405,3.48573323150038,-0.058168284089735255,0.0
0.8121047019958496,-1.0103218436306405,3.48573323150038,0.05828663250071955,0.11657308404179928
0.8267056941986084,-0.9758858319412735,3.4972136966306246,0.23267193730320537,-0.058167804468825135
0.8422045707702637,-0.941449115136382,3.5086943023465245,-0.0,-0.174859414944326
0.8572075366973877,-0.941449115136382,3.5086943023465245,-0.05828663250071955,-0.11657308404179928
0.87203049659729,-0.9070117180750302,3.5201750491142056,-0.05822739815890181,-0.11645461590930821
0.8864707946777344,-0.9070117180750302,3.5201750491142056,0.05828663250071955,-0.058286602340722346
0.9022355079650879,-0.8725736656192304,3.5316559373998464,-0.0,0.05816828408973524
0.9166860580444336,-0.8381349826338363,3.5431369676696765,-0.2908390223505519,0.058167534687276805
0.9317138195037842,-0.8381349826338363,3.5431369676696765,0.05810928992727925,0.29054390940322883
0.9469287395477295,-0.7922158008108897,3.5201750491142056,-0.11621846031255145,0.0
0.9619960784912109,-0.7577757433015755,3.5316559373998464,0.05810928992727925,0.0
0.9769999980926514,-0.7233351381646432,3.543136967669676,-0.1166918539564785,0.0
0.9923982620239258,-0.6888940102760109,3.554618140389976,0.0,-0.1164546760454009
1.0074760913848877,-0.8143596410619232,2.430069536208539,-0.1180137970907655,-0.3540366350035126
1.0218372344970703,-0.8143596410619232,2.430069536208539,-0.1181354604544702,-0.05906766744957536
1.0366339683532715,-0.7914228929171736,2.4415390552214493,-0.05852477996564529,0.058524749434452725
1.0520784854888916,-0.7684858910905524,2.453008672132743,-0.058168284089735255,0.0581682541130808
1.0667977333068848,-0.7340799287703954,2.441539055221449,-0.11633644827300713,0.0
1.0818092823028564,-0.7111423248864365,2.4530086721327424,-0.11598320091477461,-0.057991541048752294
1.0963728427886963,-0.6882044930396947,2.464478387404561,-0.0580504153070762,0.05805038551228142
1.112356185913086,-0.6652664405794935,2.4759482014990817,-0.23290838992052318,-0.058226917074259386
1.1265342235565186,-0.6193897032181165,2.498888128005114,-0.34936017950278536,0.11645251120475397
1.1422088146209717,0.5275282992485276,2.223634407967051,-0.6398247474736399,-0.407145887437597
1.1572272777557373,-0.5620426714916092,2.498888128005114,0.6424333967337166,0.5256015667653804
1.1721785068511963,-0.539103537044795,2.51035824134116,0.1164546760454009,0.11645443550158913
1.1868114471435547,-0.5161642297648364,2.5218284553489747,-0.11633644827300713,0.05816816418339547
1.2021400928497314,-0.4817549608656933,2.51035824134116,0.1743273916152851,0.17432658471731974
1.2170701026916504,-0.4588152536692722,2.5218284553489743,-0.23220046944685085,-0.05804993859586479
1.2324109077453613,0.6651332927277835,2.2006990032210223,-0.5240321514303962,-0.05822496279051343
1.2470917701721191,0.7109999971615126,2.1777639512803675,-0.17521590490532912,0.0
1.262105941772461,0.7339330113119075,2.1777639512803675,-0.2911345853777559,-0.0
1.2777700424194336,0.7568657902918747,2.1548292484540026,0.23267193730320537,0.0
1.2924892902374268,0.7797983267573899,2.1548292484540026,0.11621846031255145,0.1743270329925839
1.3075926303863525,0.802730613364895,2.1548292484540026,0.11598320091477461,0.0
1.3226139545440674,0.8256626427713123,2.1318948910513495,0.0,0.1164546760454009
1.3376140594482422,0.871525900611057,2.1318948910513495,-0.0580504153070762,0.1741506798229414
1.352613925933838,0.8944571143607565,2.1089608753823277,-0.05799165986614405,0.05799163016172765
1.367614984512329,0.9173880415421405,2.1089608753823277,0.0,0.2331453236135402
1.382601022720337,0.9403186748147435,2.0860271977573537,0.1745043726448353,0.23267085816700198
1.397392749786377,0.9632490068386653,2.0860271977573537,-0.0,-0.05822739815890182
1.4127492904663086,0.9861790302745839,2.0630938544873296,-0.11633644827300713,0.17450401292878195
1.4267492294311523,1.0091087377837704,2.0630938544873296,0.0,-0.05810928992727926
1.4422636032104492,1.032038122028103,2.0401608418836426,-0.1743273916152851,0.17432658471731974
1.4573121070861816,1.077895891372839,2.017228156258156,0.0,0.0
1.4718587398529053,1.1008242618001605,2.017228156258156,0.23362064011125952,0.1752144483822345
1.4873600006103516,1.1237522796164925,1.9942957939232075,-0.2911345853777559,0.11645317267103152
1.50193190574646,1.1466799374869592,1.9942957939232075,-0.23338273985190525,0.1166908858994422
1.516617774963379,1.1696072280773766,1.9713637511916007,-0.1745043726448353,0.058168014301513485
1.5316181182861328,1.1925341440542654,1.9713637511916007,0.11610071143512618,0.17415041167281614
1.547264814376831,1.2154606780848667,1.9484320243766013,0.11633644827300713,-0.0
1.561788558959961,1.2383868228371542,1.9255006097919305,-0.0,-0.1166918539564785
1.5768520832061768,1.2613125709798503,1.9255006097919305,-0.0,0.11657314436160637
1.591982126235962,1.2613125709798503,1.9025695037517614,0.407585052045566,0.23290249687557885
1.6070256233215332,1.2842379151824381,1.9025695037517614,0.34724289708576445,0.0
1.6219971179962158,1.3071628481151767,1.8796387025707126,0.40966662097395456,0.0
1.6371760368347168,1.3300873624491152,1.856708202563844,-1.4509506356716457,0.6383236352303262
1.6521742343902588,1.353011450856106,1.856708202563844,-0.05828663250071955,0.4079994607536765
1.6671617031097412,1.3759351060088199,1.833778000046647,-0.6378821205543136,0.6958228189889261
1.6822834014892578,1.3759351060088199,1.833778000046647,-0.8151288567913113,0.4657619461089833
1.6968498229980469,1.3988583205807583,1.810848091335047,-0.819291359498912,0.7606999228061965
1.7118501663208008,1.4217810872462695,1.810848091335047,0.816788772346993,1.2249549917759144
1.7268497943878174,1.4217810872462695,1.7879184727453905,-0.0,2.286154001310363
1.7418501377105713,-0.1719556047091268,1.6159552092504086,5.76210781049336,0.05752397917201319
1.7568504810333252,3.0857035590257187,1.91403501843413,-8.992024801553853,1.5543334355851353
1.7718510627746582,2.350159520210655,1.0313797308545554,0.17775262366571468,-2.1320434568824806
1.787344217300415,2.361610764400394,0.9969968763062429,-0.17309850512015207,-0.865425388376309
1.8019165992736816,2.3845126855541627,0.9855360051941031,-0.4055245292660511,-0.9268246224765485
1.816988229751587,1.6159589269460164,0.10313245881512693,2.175487665222066,-1.0579708123339433
1.832350254058838,2.3845126855541623,0.9282322320091689,-4.346799182108412,-0.95867312902432
1.8473572731018066,1.6159589269460164,0.0802141175216082,2.1431247614019453,-0.952190131640156
1.8626890182495117,1.6159589269460164,0.057295789062383154,-1.7534048600715395,-1.16859205865157
1.876380443572998,1.6274134871209238,0.04583662849970714,-0.7631158706863291,-0.9977903704903642
1.8919074535369873,1.6159589269460162,0.03437746977049778,-0.17775262366571468,-1.4217268385883297
1.9060795307159424,2.4532138456941417,-0.7792466242128336,-1.0102980292107937,-1.3665437922093933
1.9216976165771484,1.615958926946016,0.011459155979010868,0.5822541378230216,-1.106126380949579
1.9366705417633057,0.8137081106751116,-0.8136274139533819,4.967212675715498,-0.5836260308533473
1.9517035484313965,0.802248941629989,-0.8136274139533819,1.111831628396814,-0.3510782959923433
1.9671916961669922,1.6274134871209236,-0.022918312416388014,-2.759814028493292,-0.46956343749792756
1.9822232723236084,1.6159589269460162,-0.03437746977049778,-3.157140006963975,-0.7011966770779794
1.9967947006225586,2.4188641355704186,-0.8823898847762333,-1.0009549421723254,-1.059659900406727
2.0117945671081543,1.6159589269460164,-0.057295789062383154,1.3471984302958584,-0.8199022980972891
2.0267956256866455,0.7793304119021163,-0.848008496678646,2.1867022223935524,-1.122484933192409
2.041795492172241,1.6159589269460164,-0.0802141175216082,-0.41134724691380437,-0.9988763797092243
2.0570569038391113,1.6159589269460164,-0.0802141175216082,-1.7019353273750288,-1.173411818989503
2.072057008743286,2.3730618198182634,-0.9626143808218435,-1.5878747170951861,-0.9995435838243452
2.0870866775512695,2.3730618198182634,-0.9626143808218435,-0.6463864986093913,-0.5875910243838994
2.1016526222229004,1.6159589269460164,-0.10313245881512693,0.708777610368102,-0.29531385706359004
2.1166439056396484,1.6159589269460164,-0.12605081660991255,0.47253179777448173,-0.4725157285210044
2.1316802501678467,1.6159589269460164,-0.12605081660991255,-0.35403738598325973,-0.7080342229306534
2.1471338272094727,1.6159589269460164,-0.12605081660991255,-0.41134724691380437,-0.8226308957552646
2.161844253540039,2.350159520210655,-1.0313797308545554,-0.5900489598242146,-1.2978627380171777
2.1769583225250244,2.350159520210655,-1.0313797308545554,-0.29472877650105533,-1.178743579003603
2.1918656826019287,1.6159589269460164,-0.1489691945729614,0.2956412333221843,-0.8277341906233485
2.2066097259521484,1.60450423756235,-0.16042839226352873,0.17702038271756576,-0.4720429224555019
2.2218782901763916,1.6159589269460164,-0.17188759637129905,0.23578376987661054,-0.6483758589516725
2.2366127967834473,1.6159589269460164,-0.17188759637129905,-0.11837954129042444,-0.8877748747860544
2.252321243286133,1.60450423756235,-0.18334680735465592,-0.7654684663966127,-0.17664075469045662
2.267578601837158,1.60450423756235,-0.18334680735465592,-0.5321436413075533,-0.5912412252450427
2.2819066047668457,1.6159589269460164,-0.19480602567198546,-0.2370029068322553,-0.770210853208432
2.2971303462982178,1.6159589269460164,-0.19480602567198546,-0.058825214970488024,-0.9999269495515931
2.312105655670166,1.6045042375623502,-0.20626525178167626,0.17702038271756576,-0.9440217726202975
2.327122688293457,2.304352673938141,-1.1116078574461843,-0.17812102051457912,-1.0092464289038698
2.342111825942993,2.304352673938141,-1.1116078574461843,-0.6477150319812246,-0.5887985777070442
2.3571510314941406,2.304352673938141,-1.1116078574461843,-0.23798733128287217,-0.5949452336698128
2.3721072673797607,1.60450423756235,-0.22918372921171115,-0.11936603462520555,-0.35809318223271025
2.387150526046753,2.292900499543689,-1.1459919983885924,-1.0843332292884909,-0.42165236106213183
2.4020445346832275,2.5219079480404223,0.4583711254853259,-1.3478872801985986,4.371725970730216
2.4161477088928223,1.834305949413936,1.3752307520185663,1.5322377828794387,3.5310347661792623
2.4325344562530518,0.0,0.0,5.929497079165542,-1.6233396094495396
2.4465341567993164,1.60450423756235,-0.22918372921171115,-5.754995553884744,-1.2827219648153152
2.4615490436553955,4.128887829831809,0.22918372921171096,-10.284955554962425,2.3892761956087414
2.4770665168762207,4.128887829831809,0.22918372921171096,-6.288471431818364,3.4148859925175716
2.492027521133423,3.417612788301652,1.1918381638862354,-2.9056626789987337,2.495201201410721
2.5066115856170654,4.1174581976896425,0.28648009124091356,-5.058104875712127,-0.19428915572808372
2.5222861766815186,5.026333546613363,0.9855360051941031,-7.0906148042437644,1.61746912257258
2.5365920066833496,5.9375985422275726,1.6847386806039313,-8.346779039531992,2.1330548300052463
2.552255392074585,6.616100369407387,0.8709293873820718,-6.328567526245277,0.8946524573113691
2.5672550201416016,7.3311153862859255,-0.022918312416388212,-9.430662711585889,-2.2616066510740587
2.5817854404449463,8.049061701674505,-0.9167715906347423,-9.483978668949595,-3.727115251345394
2.5973312854766846,8.049061701674505,-0.9167715906347423,-9.802496715245244,-2.805939159398941
2.6123313903808594,7.2060570013832725,-1.5815643533264232,-3.585395383806328,-2.1294845763495016
2.627331256866455,7.160564042264207,-1.5242475205256993,-6.491072704743785,-4.293210250028874
2.642334222793579,9.518897575899764,-2.567710327345621,-15.923437887365875,-7.156109580555697
2.657379388809204,10.220498781542513,-5.014048518778406,-12.98208764724128,-9.333221763903802
2.6723804473876953,9.231307361644582,-5.785239883748693,-5.622668648680443,-8.36062245314365
2.687072992324829,8.345413157968968,-6.51134809505075,-5.569443000517925,-8.56045090712244
2.7015902996063232,9.18883607735876,-7.261611200758413,-11.149824924061868,-11.841090714593387
2.716317892074585,9.959027975232498,-8.14044193783895,-8.990334701073328,-11.660736188122378
2.732316732406616,9.084779604503083,-8.881999888408268,-6.470395111193381,-12.219308655436047
2.7471442222595215,8.8489825485837,-10.509584331787599,-9.90912463422192,-15.005763511765759
2.762462615966797,9.771683360987517,-11.39664853722919,-13.799485396019369,-17.31150885918292
2.7774083614349365,11.99574373171638,-14.075484242869745,-19.6754516349791,-22.605653269661424
2.7924559116363525,11.92850210797088,-15.723781335538135,-12.981029934330754,-21.36813185202035
2.807837963104248,12.481679790918657,-18.27631774692853,-14.567379319221363,-26.70407534877422
2.8226993083953857,12.23397782679292,-18.481594270732998,-10.405208766978957,-23.832455737674128
2.837939500808716,12.743292861020233,-21.06335254835368,-14.808377039042396,-32.520717415617604
2.8519413471221924,13.249838516569678,-23.665728454210473,-17.191239371631433,-34.51929619310685
2.867330551147461,14.98785169925613,-25.60725889780934,-21.196395848661396,-31.58192640090327
2.8819923400878906,17.397512885605057,-28.528771199896536,-25.712604031954807,-39.08590524469624
2.896574020385742,12.96046912201059,-31.198190819556856,2.933084625732844,-40.49744089926745
2.912166118621826,13.352827218359714,-33.972850308320545,-18.37184776967505,-45.0861739135385
2.9267101287841797,15.324496018500888,-35.73237597037542,-24.393739386163173,-44.73838146754
2.9418418407440186,16.339983062718744,-39.62796597200064,-24.443954780416536,-52.651308100026476
2.9571328163146973,18.58974960671205,-41.42201233693931,-31.49600647905097,-51.246457991739156
2.972733974456787,20.893930293285077,-44.76494944873991,-30.94279210581808,-56.7170826287186
2.9867355823516846,20.331467126131297,-47.62929406569554,-22.655232708679787,-63.22833284341025
3.0027899742126465,17.4471884232822,-49.4994737040678,-12.528807709151511,-51.55375578123346
3.0178704261779785,21.040313460220908,-54.252551597022084,-52.60577957438185,-72.70278452298518
3.0332601070404053,19.451464267384864,-56.13984962182024,-19.6767929000833,-67.19095955090505
3.0483081340789795,22.249023657212362,-56.88754659736294,-31.000697712972215,-58.079668911094096
3.0632848739624023,21.639798376714943,-61.83597687695634,-24.249204410401376,-81.09520823097904
3.078141212463379,20.679601279553847,-67.22024210932146,-26.003345844511443,-86.61391174362043
3.0921311378479004,23.31916226225308,-67.81963276304879,-56.23928419969768,-75.24424894383311
3.107203722000122,20.536109319374408,-70.22017718769419,-23.865760119632778,-78.05678958640495
3.1218621730804443,24.540024072534447,-72.86242977627089,-53.29127149169106,-80.84129367517922
3.137666702270508,25.87942012709047,-73.73979529168803,-166.8274465766731,-83.50515253861091
3.152682065963745,35.313732710594685,-80.19734157612969,-153.99665415548856,-78.04782189909842
3.16678524017334,54.462322208025626,-90.0,-126.31747611873179,-80.81476751934274
3.1817920207977295,64.34432927212119,-85.13683219765709,-130.78582147726596,-81.39278319652036
3.197890043258667,114.17478195763461,-82.93162041948321,-172.8421869863842,-63.441429036503656
3.211905002593994,137.4451069719747,-84.15441909072769,-158.74949449286677,-74.27965421001586
3.2279245853424072,132.39743779750017,-80.06363292785927,-122.9747203903647,-75.53098873086014
3.242936134338379,140.43146683232752,-78.0697553394181,-158.04907159545502,-68.75166227206589
3.258333921432495,142.58156632049761,-73.98718048097577,-153.434948822922,-70.57964321753549
3.2723171710968018,148.61888648853042,-74.4079774685834,-149.38413509807245,-69.20743600279117
3.287616729736328,148.61888648853042,-74.4079774685834,-149.9220074591364,-74.49883963951096
3.302440643310547,146.68137478739098,-75.10533107267682,-133.33971763101718,-84.20558137868335
3.3174405097961426,148.48088981493277,-82.30718754844008,-143.7461622625552,-78.86444175619607
3.3324429988861084,149.0843238310571,-76.7052629311976,-145.79454206189527,-69.27721132152395
3.347444534301758,150.44557203466005,-75.8361663167064,-156.8198029943919,-66.96595476469767
3.362440824508667,150.44557203466005,-75.8361663167064,-147.68354673255604,-72.35350863865328
3.377441883087158,143.24169101877544,-75.14997719322587,-104.74356283647074,-84.2642099915574
3.3924458026885986,150.21632671202295,-75.28470993776382,-165.41705767051593,-74.7444757244553
3.406914472579956,151.4917302904182,-74.53639242863774,-150.7375980732526,-72.49420446026404
3.4229211807250977,154.05396677254387,-76.55658610066959,-149.1231869209396,-76.43748300776292
3.437166690826416,154.05396677254387,-76.55658610066959,-153.434948822922,-77.78150687162727
3.452151298522949,157.5094807458115,-78.81323611904004,-173.6598082540901,-82.10323437226117
3.467146396636963,164.81895747832633,-77.90458281068744,-176.80837334344574,-72.88607851299508
3.482077121734619,166.62582868482335,-74.79639590670702,-173.76755759488802,-61.042961033508156
3.4970412254333496,169.12647960474496,-70.05155641119731,-169.40922364252486,-53.04505049839983
3.5128915309906006,164.29136217098426,-66.98462942388788,-151.01778471839242,-56.15081162501141
3.5265450477600098,164.65214832436732,-67.81963276304879,-173.24874206841767,-69.66077693108258
3.542391300201416,171.03982763542655,-66.75127585119867,173.74814580283203,-66.68576822985997
3.5568888187408447,169.36512088104013,-63.84436949658968,-169.23655781611475,-57.759199400192095
3.571887969970703,170.01731076390496,-59.3165828910242,-171.62082723814186,-39.49698683625247
3.5879080295562744,169.27093373025104,-55.507467222619674,-165.90767585225365,-42.86755927154005
3.6022608280181885,162.96028839315537,-64.47535202580134,-51.0724564072077,-73.94929078207588
3.617300271987915,141.63793035116967,-75.28470993776385,-17.84656612281728,-35.81125702729267
3.6316497325897217,121.5868066432071,-81.57167741822862,-1.4270018675146867,-67.6009292667097
3.646651029586792,116.20807274634576,-84.26803203480222,-87.64670313389169,-82.88109597379189
3.662097692489624,135.11862463280875,-72.4777302039157,-148.97666382266317,-39.92077981497716
3.677096128463745,102.58909787930169,-72.90136116713997,-57.01147838636545,-37.846308037449205
3.6921019554138184,68.9076604941725,-65.06681452673398,-34.45238895686391,-13.57733223717423
3.706648111343384,49.13822030863313,-56.20159962358991,-21.982438203118637,-11.773570072908852
3.7216455936431885,30.4692001525977,-50.24625185984234,-0.4113856032277073,-5.332516568878439
3.736647605895996,25.68213816578649,-38.59416474641707,-6.543564100789404,6.9966199472272885
3.7516472339630127,25.98656409744936,-30.026467317367924,-21.528615097073274,-1.4687154133781535
3.7669787406921387,22.871321185499504,-23.90366077537356,-15.93189389115439,0.5406125828135188
3.781176805496216,25.094194221876958,-16.451283925231632,-33.690067525979785,8.76659638574995
3.796924352645874,18.895664041945704,-10.54455032286139,-1.4570082242573845,10.27796753050161
3.8120908737182617,9.165279088424356,-5.347727730949253,19.64289079236919,19.01738158441026
3.827359676361084,9.778901487820079,-1.4096183745161222,-8.142311128638381,14.650240171178448
3.8424277305603027,12.951647113822009,1.6044915265155901,-22.600581015572946,9.602463647701976
3.857537031173706,16.384350733984387,4.588565735785835,-29.2668924823105,18.84536061088634
3.872922897338867,19.1568929723464,11.89975492769301,-30.105353308094685,35.753176181159944
3.887255907058716,14.66874845816114,14.809140868647619,-2.862405226111748,29.88829539612904
3.9024455547332764,8.942753948409717,16.78612740952534,10.763520734740757,27.032090081468073
3.9169974327087402,6.885900666866958,20.157380198783866,1.1142020788851044,28.85253553086606
3.9329006671905518,10.695433276559447,21.715617283264454,-24.284565852396113,30.4233491470605
3.947023391723633,17.567019117972745,25.798020869985383,-43.010242684484496,39.35680315421479
3.963240623474121,20.63017049267544,29.867769043035672,-40.98994912222794,45.348807386283006
3.978464365005493,17.434765798929828,33.79340763412446,-10.039254787152357,51.7598971034276
3.9919981956481934,14.439965121002714,34.19422422003831,-3.4088974831580585,38.217353495858795
4.0073864459991455,11.982304208469634,34.235796459081584,-7.439662063100292,34.63862869959766
4.022176265716553,11.832868593274021,34.638728085433534,-11.835772354876156,37.90470626919729
4.03819465637207,13.556792069129909,38.0828282359889,-15.314770716396003,51.05930552734887
4.051583290100098,14.040118469916587,44.25076310605978,-23.594820569881474,66.72915824944161
4.067153692245483,11.599768389729455,47.324118544992146,-5.720390637320885,57.202063682700334
4.081238746643066,7.0775682249411345,48.798703173784496,11.105427288296772,55.90407125965962
4.09743070602417,7.453639704571295,49.800352530160524,-7.463902383972838,56.12849369913331
4.11253023147583,10.767606941077325,49.90699201487023,-24.027513339753632,53.03036550174626
4.127166271209717,13.481261543606095,51.88746408481499,-31.74658627822382,57.02668218390254
4.142120599746704,15.33054844520758,54.37040809799892,-16.80076488879338,64.63026412318456
4.156536340713501,13.422087220049077,59.85987571022235,-8.724846869374478,78.09068484774427
4.171888828277588,6.526937370919771,59.79148087683006,15.914120915211837,63.8924836111964
4.187193155288696,2.133950806772105,62.47385036295345,14.470294100065887,70.829872384624
4.201884508132935,2.0684744214225814,63.76649036404241,1.8029038303787108,67.30418560299796
4.216426610946655,0.23280324056345839,64.3691836432603,1.5611337557175216,64.24341373182419
4.231958389282227,1.9451467614142932,65.1212354676693,-9.649650105037407,70.80441436043671
4.247328996658325,5.765398017732062,64.76946355544406,-20.31101843316152,72.29875321831767
4.262327432632446,8.725439629813973,69.09928138997884,-26.56505117707799,70.71627145522204
4.276537656784058,11.30993247402022,66.37672185171482,-25.709953780811265,65.04646979501634
4.291370153427124,10.886559150697705,64.66214507826264,-8.761242083107943,59.428059960310854
4.3072240352630615,6.977992122732906,63.30364870360731,-1.5335364557993298,57.392730791511006
4.322227239608765,4.6223702416842345,60.92684598983819,3.945186229037563,60.34195456996952
4.337223291397095,4.033249004652683,63.457097200413614,-0.336370574910119,64.55491204799054
4.3522255420684814,8.93059010041899,65.23041317340905,-35.39092712254101,71.74162578021607
4.36650276184082,9.209803304456232,59.384017745700895,-13.463459566384724,43.7722626853893
4.381648540496826,8.95128286320466,53.842676675596586,-6.0668454083832,32.85048405006669
4.397204160690308,6.244165389708042,51.18738640564291,-1.320706200160377,36.888998616965324
4.412649631500244,5.388948164238437,53.5716427950686,-0.5295207786301109,66.04969843266326
4.427635431289673,10.589470858452476,60.99767105587783,-80.36246188706906,78.3938749105316
4.44163179397583,11.954885864343913,57.224694305822446,-17.13251105742778,45.11258112302622
4.456647157669067,7.327411902191187,49.92478818182179,-1.533364056261765,26.746378833009537
4.471720457077026,6.918917311517672,44.4912234025057,-1.0291548043059813,22.37256728015572
4.486762523651123,3.6433026811617157,42.268052600620905,4.080237904707813,38.28317716514612
4.501871109008789,7.6340265451489895,47.40871202633197,-33.299420537184176,65.02438509306367
4.516983985900879,13.629593661518692,49.6408321235907,-37.45057823173673,54.89514093930711
4.531039476394653,12.964508660419245,46.8528711193015,-13.156566878118678,35.87607088388647
4.547112703323364,11.518111620735677,39.079639979626286,-8.676655423242364,15.137827276319618
4.561630964279175,10.22440099471631,34.1249826507403,-9.361520447999583,16.304654723400827
4.576642751693726,11.416094626965407,32.221922004155886,-16.385431637052722,27.404459200934593
4.591648817062378,18.9028326870701,31.60094811201676,-43.69535270392157,24.82057241951724
4.607183218002319,19.62286738925905,22.693414221426707,-26.56505117707799,-6.426935542908341
4.621105670928955,18.34425514399844,16.5588485864924,-16.02391907631078,-8.558273329592621
4.6371824741363525,16.472470802917798,10.532894551822286,-16.57452009487586,-10.174245525265412
4.65218186378479,15.304618720647682,5.796757820626846,-11.960401569586454,-9.335871325130219
4.6671833992004395,10.185924680915845,-1.008457787314364,6.683864108034118,-28.164540602967442
4.682691812515259,19.55810572877225,-12.991117726362718,-94.60009566626329,-65.94158286017957
4.697716474533081,23.0641837707196,-19.90124609793837,-44.57454411074309,-46.54340727249817
4.712268590927124,20.87117615791333,-23.765857428099633,-22.23372029766359,-38.834821606085015
4.72728419303894,14.404608883874749,-27.891584284546635,7.890515664228479,-46.788201929864044
4.742447137832642,7.110355197862247,-39.31622625564705,95.49232455712743,-64.5460491193379
4.7575156688690186,6.931356798315831,-51.554505399687216,158.8657601196328,-67.6627293677533
4.771895408630371,10.336945999144884,-56.90852904171813,-29.197486046064476,-75.77128858478905
4.787275552749634,10.372466232738477,-62.22691927474203,-22.765009107511478,-81.45107047206785
4.801818609237671,7.086131015863901,-65.67171294399319,52.224315694045345,-86.41172619121971
4.817259788513184,10.03133881877041,-70.28801306333303,-36.069409899581004,-83.45180137994876
4.832297325134277,12.879621348714371,-73.8630264182886,-55.95406264339834,-84.30786610796058
4.846323728561401,14.335435419520122,-78.52165904546644,-172.64762064010765,-76.42303182864656
4.8631751537323,28.094841901364344,-80.13026306886918,-162.9347314894956,-76.84137952991809
4.8782525062561035,37.03038960567859,-84.38393507569077,-128.39516450324604,-86.06462600871588
4.894208192825317,23.56154534777102,-83.51426032112236,-7.964985291044913,-75.94355982662927
4.907862901687622,18.876603407175068,-84.26803203480222,67.75097634278764,-88.56671469831832
4.92481255531311,26.662492885027063,nan,172.1998121158183,-85.6155985491598
4.93856143951416,101.09372301155811,nan,-152.43938777261386,-74.55860381326558
4.952595472335815,126.86989764584415,-84.3839350756909,-142.0714522203684,-74.80138692581791
4.96677827835083,141.6774021780412,-83.51426032112236,-145.47961698776223,-75.89246841245765
4.981775999069214,157.11268374831724,-81.57167741822867,170.47271661854765,-71.34522191929317
4.997116327285767,167.6592057120061,-79.86634455043144,-178.78435688420373,-66.32395323238613
5.012131929397583,172.8749836510982,-72.78482321067314,-176.65385458669857,-59.75123726738798
5.027904748916626,174.2793784297825,-69.32529628157266,-179.9054525948732,-53.86601566521424
5.041939973831177,176.94341955185058,-67.518043382641,178.7070855857384,-55.07110702485818
5.057593584060669,178.3872439246844,-65.61614074999761,177.22755184171962,-63.07099830768301
5.071947336196899,177.59775529687187,-65.3675226825985,-178.43064519525103,-62.055600207379484
5.086916923522949,178.6569478610725,-64.50195854384656,176.04890881586502,-68.21081560807491
5.102996110916138,179.1245371248802,-62.548328674749555,178.50380862917078,-57.38741202601013
5.117995500564575,179.7675640357021,-59.768713744878156,178.69011134914672,-51.36694784478548
5.13299560546875,-178.6643840931907,-54.74587484370903,171.91275162402576,-38.942433434365675
5.147980213165283,-172.55964445655493,-49.07782409489614,160.16288474964514,-24.101743052731457
5.163135051727295,-170.3766926203498,-41.36091391042375,165.1430752943042,-17.430555390937105
5.17814564704895,-175.40326595326766,-37.77773825658484,-173.0470425318261,-25.09969790399526
5.192758321762085,175.31930327758565,-37.89381383930766,-148.31178328579387,-32.763923149064624
5.207109689712524,162.18403002069877,-48.642378500670816,-45.06780562457434,-37.28923864147775
5.223165512084961,157.34652063545067,-61.187314916053936,-1.414423211402155,-49.01270668588402
5.236583232879639,-179.56437791986897,-55.83257418047953,137.0411240516326,-15.08962064992192
5.2519166469573975,-178.7627025314954,-41.48316830263879,178.55587446906418,56.95680992875213
5.266524791717529,164.4567181728759,-42.8905469694277,-55.476500334225435,15.236361107502557
5.282474040985107,151.13800915376117,-49.92478818182179,-25.15834339992543,1.1530763156798616
5.297199726104736,135.79327548593682,-57.41570025895283,-4.401131394690618,5.079353398543821
5.3117828369140625,116.13418494851808,-62.59808458198471,1.8337018357512005,17.204313089501415
5.326818943023682,99.09420761607998,-61.59414925179257,18.233507936904914,45.06302314408309
5.342058897018433,82.82044593890583,-57.41570025895283,3.390728251776649,51.09644882211324
5.35707426071167,71.35932215273576,-44.9751473795611,-22.205764283138826,46.060882559006714
5.37207555770874,64.02622799976525,-32.08656990017921,-40.88275489023456,33.845169825991256
5.3880884647369385,50.408699044683836,-24.923006934691205,-8.01709307365533,28.030168123374608
5.402341365814209,37.995523036240265,-14.489347466955985,17.868803419882685,39.73169803227477
5.417486667633057,31.98839877322097,-1.7879184727453905,6.345371727770228,44.634557660684926
5.431900501251221,31.9131254952224,8.684882457972476,-26.22196677755446,41.374582901215796
5.446905851364136,31.910960453232004,15.366952797777708,-31.570883730029077,36.252573597421474
5.462384462356567,27.863157032337508,24.657937566109773,-12.364741337466622,58.849299096334924
5.476401329040527,23.619712450803647,35.22578499469219,38.74596725608353,76.23680105147885
5.4923927783966064,15.039908754835961,37.821245203254165,8.352177906849441,44.43549353418077
5.507070541381836,15.457895913360733,38.91744630182269,-19.37364345636918,40.07839715255543
5.521747589111328,14.818871860642739,43.23560714898219,-18.85063037734546,62.80562998101512
5.5367491245269775,15.36608521282338,49.18289932412275,-18.121860247901356,72.14627574893963
5.552146911621094,11.009957311716306,53.86210333481837,8.426969021480675,71.97043274199929
5.5675048828125,9.226031109264005,57.076815235529565,-5.339236803737584,62.02567368954377
5.581923961639404,9.037083783990733,57.09790468455232,-17.037767795625633,65.2829788865724
5.596936225891113,13.3924977537511,61.47394068251037,-53.06225658419313,71.792960891114
5.611921072006226,18.63116647881594,64.00077816864159,-47.405970516645304,71.08311519452263
5.626974821090698,17.205691897647547,66.89686079483083,-18.632292862905928,74.78893889134481
5.642430543899536,15.59281093926635,70.0515564111973,-6.06663307360512,78.98072439026689
5.657431602478027,18.38885407863245,71.29816338200487,-70.41928833890289,81.38630013358508
5.671615362167358,25.08677852038912,74.23834486623629,-54.62299419154943,78.29009416810102
5.686811447143555,25.968241725848813,77.10996305614786,-49.48460600954463,76.89090428428096
5.7013280391693115,33.561732661257814,73.4960192570995,-59.91031376122334,74.87409952640385
5.716631650924683,23.992687028447346,77.74160294433933,6.5687641218211255,80.49514187266288
5.7324182987213135,24.901224702726683,77.79569138509248,-42.82525588538995,80.47979785501497
5.747280120849609,23.82490452211018,77.16143185901598,-33.996459148250494,78.02351468883222
5.762381315231323,30.15454791791619,81.41672913375974,-38.29016319224307,81.52702402594156
5.777827262878418,14.132498361855857,76.11993363938534,10.289331771199633,71.65249024767259
5.792822360992432,3.308213533872035,74.4079774685834,6.458816378718656,62.64532130986794
5.808110237121582,5.4349350848523805,71.15573414431174,-14.534455080540122,67.88070207574044
5.823317766189575,16.172626309191948,75.51198657726113,-105.89014444310891,75.30102792580885
5.838515520095825,27.058296722077344,79.93168219519966,-83.15722658736907,80.83943228781081
5.852118015289307,22.729732079944696,79.99744219226207,-16.073574164746393,77.32454557762296
5.867103338241577,14.510151160753141,73.4960192570995,-10.033680657752756,52.696272350023094
5.881872177124023,12.709947196920869,64.79635988049918,-12.782844619283916,35.02099459133841
5.897283554077148,15.362799009330441,58.759734783818324,-24.77514056883192,39.17436490502286
5.912219524383545,22.926864599213335,61.88457139765287,-61.01234136479824,68.4438684832793
5.92664909362793,27.453389437090177,67.88041884379783,-74.64986350757557,77.77848742592515
5.942147970199585,21.286405113659093,65.8952047955482,-11.459877469188523,65.29480542793247
5.9577131271362305,16.090816348852172,64.688934844513,-4.956339774194201,54.74574538882052
5.972768068313599,20.891192721175518,64.31625294323443,-36.404088563079036,59.262890392171975
5.987306833267212,24.741865615121938,63.48275197849142,-54.09027692082232,68.24302699323817
6.001950263977051,24.20212338087618,66.00768437685942,-29.197486046064476,72.5916848033202
6.016645431518555,21.98633067276795,64.07931164946933,-21.329461515279544,61.8878755092789
6.032562255859375,26.785824574103454,57.47959058337609,-37.23296906670656,31.004567696693847
6.04787278175354,26.52604792951993,49.27063273282576,-29.920097201847554,18.132089640073097
6.062703847885132,26.399415272386342,44.991348337162016,-29.69251388838847,27.174047114083354
6.076700210571289,30.910058535130965,45.675990207852415,-52.42159032570432,54.67025604173779
6.091731786727905,40.06737093669444,40.61704008411932,-66.76768625333428,12.754876972470901
6.107507228851318,31.46465768030826,31.359086531367854,-18.454794952891408,-0.6903152898608325
6.122082710266113,36.006845290918335,25.74712109258083,-50.52159012524701,0.3275857775987505
6.136520862579346,37.28239737222911,14.785436409571565,-47.01459878787057,-22.965535231238036
6.152536153793335,28.632592981699073,7.446478465799082,-5.492324557127438,-26.937212381200677
6.166694164276123,24.35575643090235,0.2750207977495526,-15.631234391322206,-27.482469609974864
6.181696176528931,27.29924313139143,-3.6924034939678587,-37.26453985486694,-18.64952955747521
6.19672155380249,26.56505117707799,-5.002545444887153,-27.239475083191696,-11.820033095676141
6.21149468421936,16.823975250179217,-5.923470746039193,10.970506471373069,-13.69434962816946
6.2267491817474365,15.597097580264109,-16.690398138683896,-8.24632081446853,-56.07725064370517
6.242766857147217,27.26664218155765,-21.851361113913097,-75.43790752418978,-34.3913468072307
6.256751537322998,27.663062969525107,-21.18619973338831,-32.434498609788406,-19.358805460419358
6.271766662597656,27.360248873015856,-18.91711428323395,-27.394321730094344,-15.005216692071835
6.286779403686523,27.026228836489956,-19.220225950172683,-31.81075146219052,-22.29257658804986
6.302296161651611,33.38781649910892,-20.842482493221752,-59.99582904448703,-24.770091107103568
6.317118167877197,34.79040247888919,-20.854744516868756,-42.36616983964885,-22.093189423179858
6.332123517990112,33.16271627621302,-21.038795300469946,-35.729355179541656,-23.290600990364595
6.3471128940582275,35.873656677965066,-21.34605395056328,-49.666858371439,-23.654615754579496
6.362116575241089,39.5388010857526,-25.861676349661817,-56.457506595882556,-37.79124247681914
6.377129316329956,42.46546007548578,-28.868434673204177,-58.652110423226944,-36.71438663302559
6.392157793045044,27.552811576717804,-31.399353451587043,31.328692867804172,-24.902536025543405
6.407717943191528,22.239107461480103,-43.39309951962296,133.07157768672803,-25.6715211059592
6.421703100204468,25.482189995563935,-56.242821578596704,167.6585162109042,-29.444156569089248
6.436701059341431,41.10479338438331,-63.66298442680614,-129.47245984834382,-64.84677590956653
6.451719522476196,54.11267777180221,-75.83616631670643,164.20858701069818,-27.446044014515557
6.467701435089111,110.58028457488534,-78.0697553394181,-178.5582964749884,-31.615491853124343
6.481702566146851,158.99677728856577,-74.40797746858341,167.14330263103474,-32.056811784204854
6.496745586395264,166.14364849830147,-63.76649036404241,-179.0773073346108,-17.012185337543126
6.5123207569122314,165.646457199398,-53.13010235415599,-168.04533963913144,-15.128189383599501
6.527564525604248,170.43152547338863,-43.157013479333926,178.58460640559,-10.03862498062613
6.541650772094727,173.9628585177653,-36.86989764584402,177.2658100485646,-11.361089661013898
6.556666851043701,175.19456942902278,-30.27826097020009,178.71204207732922,-6.743891112790453
6.571652412414551,179.8496177219284,-24.58230704396517,168.06322405218526,-4.612242254888075
6.586669921875,-178.03849895058644,-21.407582703856207,168.6368116049747,-7.749838368420355
6.602181911468506,-177.928942785294,-19.70637446373151,176.35311400987135,-13.287023845627372
6.617205381393433,-178.60108475146077,-18.92922814128055,-178.36082250545024,-16.08942212497153
6.632182598114014,-178.60108475146077,-18.92922814128055,176.1262187608394,-17.70259251313259
6.647186517715454,-177.62983884353557,-16.451283925231632,171.34745820888529,-11.68020793514427
6.6631903648376465,-175.78631804764038,-13.226433030014476,169.10052331580525,-3.7699848843454697
6.677331209182739,-173.17873576632178,-10.906100803170805,164.52493696651803,0.8679991829557513
6.692336797714233,-169.7473354653611,-7.839582896926703,154.84392216447236,5.670655925947883
6.707849979400635,-169.56373185429052,-4.611558110972809,165.25442558541286,6.843958441099943
6.722374439239502,-166.26992489532972,-1.7764537710952644,154.17262196035423,11.040829472554089
6.737375259399414,-165.2157400159756,2.177763951280368,155.43681131434704,15.404267307598731
6.752371788024902,-163.10388293905305,5.117585358793422,152.6769740630925,17.44086957116157
6.767394781112671,-168.86055634886603,6.4882815162330285,-170.98343772024364,15.590324841585497
6.782376050949097,-171.84509069999345,9.962291429466434,179.63035493815298,20.29866656996252
6.797367334365845,-175.10928436704103,10.195066808848733,-172.08011358624103,12.199311461847365
6.812049388885498,-178.3735622412022,10.497929881727638,-169.46192033202263,10.434297520167611
6.827049016952515,179.3414568224364,11.443410963854944,-169.9403467570785,16.95746089178475
6.842050552368164,175.87770218821638,15.93817819985187,-162.1979009275388,27.752560718995877
6.857311010360718,172.14058435405195,23.15375986470554,-147.99943480229138,50.0325731023935
6.872660875320435,171.72536663119703,35.831253204949455,-110.35027514830279,79.68771868397488
6.8867411613464355,162.57549111712467,46.518783665917695,-59.45720817720975,62.74418591428933
6.902668714523315,148.66814389145964,48.48653684048937,-90.26599520838253,41.682725137399274
6.917651653289795,144.97952567310435,47.47648475181462,-127.39823530988333,41.16097137313459
6.9326701164245605,144.33245611959595,51.04135587211612,-132.24457529949726,59.69507676818716
6.946668386459351,130.30735676055886,56.181005252695066,-63.02414681485185,48.2967963048247
6.962668418884277,113.90831637998323,60.621738334476845,-49.24589068121977,50.695088954594205
6.976902484893799,97.08343741606052,65.5330046904056,-38.32736604249222,50.89556426355441
6.992233037948608,83.59732083415382,60.85617804310109,-56.53919411210205,45.82839631620637
7.006795167922974,81.23909358452448,62.823026030686044,-77.36369564490906,64.1443395515069
7.02210807800293,78.54124765412281,67.6683549907785,-102.77124256490144,86.22334117117283
7.036909103393555,63.16760798046227,70.0179961086088,-28.45750197190312,60.239238360150324
7.052926778793335,42.98758592675097,63.68882545418188,-11.26652189064026,34.213455540804446
7.066985845565796,35.24581125651934,55.044772243222354,-23.816149756461755,29.92408601886662
7.0820417404174805,31.35115221506852,49.48183261976633,-27.38768107073143,29.51137170241009
7.097601652145386,34.00330281249911,44.52335963013546,-40.79690017217799,26.43148841319044
7.112156391143799,42.63514643964505,39.67261473381893,-65.69877545687812,18.141281694682416
7.127776861190796,50.0430343094929,35.563156977935236,-70.56321931957478,14.523003474327348
7.142232179641724,57.346420668726836,32.68363884625795,-80.65668432872513,19.545972925080363
7.157240152359009,60.22691379852764,31.15800967499914,-68.75882035720159,23.829575060641726
7.1720871925354,56.260066708096225,27.052066616546004,-52.89118466877653,10.170231117470054
7.187130451202393,53.816620233116076,23.891127140808894,-46.19022768087312,11.151607021266384
7.202192544937134,49.59207183398654,21.937810691658417,-38.99184936935261,15.014521609396008
7.217190742492676,45.520856374501946,20.487315114722662,-36.47959121420483,17.740745156943944
7.232172727584839,43.87944304619051,21.690950367636795,-37.21097787220729,26.137191777235216
7.247875690460205,44.605728103531035,25.100036523186116,-47.436411826390184,38.77263364613965
7.262399673461914,44.20167593220758,34.36063660756061,-40.08791579717831,74.33594185731008
7.277738094329834,48.01898284806538,45.675990207852415,-160.90202546318235,75.98347119528923
7.2921528816223145,64.01303576266126,55.71034214349096,-166.16882287016614,48.70283733136771
7.307382822036743,87.44384992142173,63.63716692097493,-178.90987636639184,35.61952182465147
7.322366952896118,105.64889792914461,58.124763303426775,-139.69215108376497,33.99723913417021
7.3374855518341064,118.83014891552556,46.95350286324237,-143.0578447687377,5.380861609623789
7.352485179901123,137.03343960845592,39.776907619966124,-174.04478594811698,-6.898361261569131
7.367508411407471,145.74934063847599,29.90741988920091,-171.51033435564773,-9.44772929225327
7.3824684619903564,150.097692516749,20.89153658985245,-163.08115629265066,-11.55429511768968
7.396495342254639,153.35978573699254,13.155814775822037,-167.15139458991715,-9.443123185355905
7.4123148918151855,160.02766796424783,9.450764005042572,-172.64459908266252,-3.960363078743997
7.427314758300781,162.4108196051225,9.0908280900764,-172.57758101204732,8.281753573280893
7.442298889160156,169.5952140808825,16.069311173925968,162.1641596719147,38.9206670395562
7.457299709320068,174.4712028014259,28.151202002255086,126.37384268544878,71.53957058357663
7.471445798873901,164.55868396885495,38.90271982004723,-70.65841143149605,57.429857741894644
7.487596035003662,147.99810384562247,45.36524527920694,-44.916761637960334,14.880830599130034
7.501576900482178,134.84787542996165,55.144901230052625,-12.570424392962671,6.944103069863783
7.516820669174194,114.80798700253456,66.43397992185058,10.558427323254666,6.484072080310912
7.532140254974365,75.92654181951453,69.16361798258326,7.046512048799826,1.0658504305188634
7.54645848274231,55.37055260912851,56.07819864769926,-25.92957238452005,1.0095140857389817
7.561853408813477,47.8262885177186,44.10695794215942,-33.59570414750995,-1.391583857686072
7.576884031295776,41.8363178490939,36.52689095854399,-26.515387121749942,7.544655180385982
7.59214448928833,25.721066946673023,34.277389235042776,8.62177541967846,16.627332224144418
7.606657981872559,10.670737909257678,31.158009674999132,34.12591912875024,5.506935208067232
7.621675968170166,6.714250569699213,24.35568847539555,4.548042409125415,9.311132118982648
7.636657476425171,9.88687737681801,21.34605395056328,-18.00896574627886,16.34620646883685
7.651673316955566,14.425109648212706,17.986927799829058,-30.70593718059785,10.14606110931548
7.666672945022583,15.410092273941808,18.905001302870964,-20.74219486775841,19.939679789175244
7.681676387786865,18.689732310484583,20.169587505111632,-32.516137981587164,30.29053627073765
7.69669771194458,24.844005655277734,17.55372820217499,-48.63417479904009,7.389638405044467
7.7122673988342285,28.337154456857345,23.290923369513656,-43.04387512982652,42.2106669957771
7.727267265319824,22.814912075827873,18.372888029840855,-5.279371406024125,2.5895103010573215
7.742266654968262,26.650439756950625,25.887148138126527,-49.8486081823419,52.20918240932603
7.757252216339111,18.02887686070427,20.426162846996306,9.090276920822323,2.2977360387087122
7.772252321243286,13.922457315397564,17.830373348607967,-2.3452741199045293,8.72426611581434
7.787263631820679,24.52497866184063,16.069311173925968,-66.87059531723972,8.591298033896946
7.801801443099976,24.209524026994675,12.791275039376837,-23.565395870581973,-1.8849236173918014
7.816446542739868,16.597566930176544,10.812755960586646,13.217509563206194,1.7676164451798326
7.831833600997925,9.723015254392902,8.094141432341392,11.43124822030889,0.26510849180797774
7.846816301345825,15.14570614443019,7.053726239953976,-31.143969125610578,5.378301385744538
7.861832857131958,14.991503617962612,5.451319812417786,-12.704727121780158,-0.06238052524859826
7.8778393268585205,10.04791644426252,4.128868721237569,5.464206100048373,-3.228167269998068
7.892844200134277,10.081854837760014,4.232276279704286,-7.647284180212675,4.712047314850765
7.908139944076538,9.469891253130116,-5.474342690474734,-4.583529809117021,-41.11209438916914
7.922353506088257,7.556344056439461,-8.62692655867864,-0.6811594736401525,-19.08964092488361
7.937353849411011,6.678747387539465,-7.8627180713879,-3.9770213758373916,-8.590373216601801
7.951868295669556,4.506155733233874,-3.6924034939678605,2.4159316589342392,11.495581722188987
7.967144250869751,7.006863277804743,-3.1299060020821705,-15.274878138823365,-0.7509310880556767
7.9824278354644775,-6.76076875891288,-2.5677103273456208,89.90837569721822,4.723192200628435
7.997441053390503,2.8083981497897064,-5.094575736041904,-40.93549395514391,-14.010434914993606
8.012253046035767,0.43657459093890955,-4.117379830293285,12.946509515636933,0.5251197867557987
8.027540922164917,0.5620426714916091,-2.4874181148785164,-1.536979281198688,0.059107477222170364
8.04210877418518,2.168649683398488,-2.648007586032289,-3.639562408514621,-1.1327243650411918
8.057551622390747,1.4447033986805613,-1.7879184727453905,3.2519456003638787,1.5360900105610928
8.072563648223877,0.7220330124552774,-0.8938504174771552,-0.0,0.594333241471526
8.086861848831177,0.7220330124552774,-0.8938504174771552,0.6524082149370812,1.245283558410988
8.102190256118774,1.6159589269460164,-0.17188759637129905,-0.5343492904238086,1.1279086504188012
8.117009162902832,1.6159589269460164,-0.17188759637129905,0.11850196032235187,1.776958193494428
8.131535768508911,1.60450423756235,-0.18334680735465592,-0.9548412538721889,0.8353882230503041
8.146697282791138,1.60450423756235,-0.18334680735465592,-0.47301942454241175,0.7094848117579633
8.161696910858154,1.60450423756235,-0.18334680735465592,-0.059251043525063815,0.35550163568449833
8.176696538925171,0.5276339045494562,-2.498888128005114,4.54336852750532,-10.43390226435751
8.192691326141357,-2.2308762251485845,-4.61155811097281,16.16449915225692,-13.31338378826009
8.207217454910278,-2.753036041669121,-2.063093854487329,5.84178535801139,7.612129749559518
8.221854448318481,-0.687653872210915,0.9167715906347416,-7.0672075356129245,14.48126131175778
8.236835718154907,-0.4588152536692724,2.5218284553489743,-2.325454420775296,6.194632643773996
8.252272129058838,2.986836417140486,3.669437804987977,-12.237486481626943,7.259375578589664
8.267284870147705,7.139261942718915,3.899121876383539,-25.043582398991163,7.728122779231443
8.282722473144531,11.761743567970628,1.3408436249846971,-31.453452125202745,-4.135868099189433
8.296751976013184,19.823620423725657,12.485938184808811,-87.40305117844757,42.046686777509926
8.312587022781372,22.17705079283799,7.203855855817493,-30.5875346219977,-4.238155438326801
8.32726526260376,24.121301128986413,10.859424735206607,-33.32795014557163,20.351271401261673
8.342267036437988,25.769327624338715,14.714338541817643,-38.86176645720276,26.354256697211742
8.357278108596802,24.560894979190966,18.22805277519747,-24.11923071377528,28.913331658083084
8.372806549072266,23.40534311257213,16.069311173925964,-21.952452491940413,12.228634392236627
8.386922836303711,26.906093455936848,15.783313229058615,-41.724323886536496,16.799553629948456
8.402299404144287,29.415269025126367,14.655108017028791,-43.64336346540533,10.404338474003131
8.41662073135376,33.12047331617118,16.702361669292042,-46.93392791338295,21.324173994604607
8.431889295578003,28.29916434919394,12.568108443319488,-17.781170641468552,-2.116843567702782
8.446892023086548,27.413314389371422,10.067019557606898,-25.325723715170188,4.054174948390677
8.46190857887268,27.274993296289505,8.476282680815352,-27.575134316661725,0.9264823475120944
8.477082014083862,24.807428973141768,7.585179987885104,-19.1347372005116,6.77704835205296
8.49234914779663,24.807428973141768,7.585179987885104,-29.543819103550845,5.82704805855882
8.50691843032837,27.047956861500055,8.603746692497097,-41.95218757164994,13.605471655822544
8.522094488143921,29.77678156062196,11.396648537229188,-40.10090754621224,19.633091344775423
8.536491870880127,31.584553337123747,11.420028786865968,-38.688394205242126,13.531639587575187
8.55151629447937,32.310105424652726,12.36859730574846,-41.9366344193433,12.656869768149232
8.566624402999878,31.445087517651313,11.864624725862907,-29.07733149951665,11.709352855905884
8.58162522315979,31.445087517651313,11.864624725862907,-31.398120546167874,12.290689717110862
8.596646547317505,33.14839462572612,11.59544239571571,-44.11859600341787,8.536730212151811
8.612056255340576,30.376015735210053,9.46238103151644,-22.636333984526523,4.433651793686553
8.627137184143066,27.04795686150005,9.241724071503377,-19.98771599731345,9.305060108514024
8.642469882965088,27.04795686150005,9.241724071503377,-29.71552519370183,10.587435661131519
8.65736198425293,27.891249404116085,8.464697148295748,-32.71796538827927,6.237904572625477
8.672905445098877,27.856709154107065,10.451316468793935,-29.556409017812364,15.023394408417936
8.687661170959473,28.68131371063498,10.99947495682595,-39.500894476040735,13.756476272047626
8.7014319896698,31.326964201524827,10.276578185051092,-42.16588898369349,11.315050868081263
8.717115879058838,32.036360594507784,11.244723592376431,-36.906500566447896,12.371101367302124
8.732115983963013,32.036360594507784,11.244723592376431,-38.3754172432608,9.679463238393895
8.74612832069397,31.077807697386547,10.428012387270384,-31.14746164379351,10.301725214443305
8.762046813964844,30.376015735210053,9.46238103151644,-28.917309768947423,6.307017131140259
8.776968002319336,28.71056057496338,9.68317971629747,-23.6261630204816,9.566606130608145
8.79228925704956,26.93409264399245,9.62506085921614,-25.542466270477966,7.704834546791425
8.807169675827026,26.93409264399245,9.62506085921614,-28.859877089582213,8.371997387856563
8.822796821594238,26.93409264399245,9.62506085921614,-31.541662863864182,12.282102551629977
8.83712887763977,29.646752413266277,10.509584331787597,-40.063975889916016,12.692463946104603
8.852318525314331,31.077807697386547,10.428012387270384,-39.640113443044214,12.416846087390342
8.866635799407959,31.077807697386547,10.428012387270384,-37.5007194688522,12.004477132665095
8.881658554077148,32.036360594507784,11.244723592376431,-38.85072983839301,10.456888566388828
8.897113561630249,32.036360594507784,11.244723592376431,-33.63995461207054,11.004865306879521
8.911623239517212,31.20753287723899,10.719440153962728,-30.602147016683283,9.858417098125225
8.927217721939087,29.40349460865973,10.64947218876245,-24.968987319102265,9.595066596618853
8.941246509552002,26.705673206045553,9.752935631152846,-23.575626394308156,8.76602947203363
8.956746339797974,26.93409264399245,9.62506085921614,-29.021273224702597,8.179865165233979
8.972713470458984,27.56266390700437,8.998000689277797,-32.96940390346213,9.766117512861197
8.987015962600708,28.475764344631557,9.822706146467343,-35.00208533319611,13.330256023926303
9.002039432525635,29.40349460865973,10.64947218876245,-37.756224903769116,12.184113508784193
9.016920328140259,31.20753287723899,10.719440153962728,-38.747164109766366,12.832538504922711
9.032252788543701,31.907356956537498,11.700743368538886,-37.751489987137205,11.769379429224061
9.04687786102295,31.907356956537498,11.700743368538886,-35.15417763214744,11.07641370149684
9.062019109725952,31.20753287723899,10.719440153962728,-33.28256529679662,9.262926012385904
9.0769362449646,30.265645877154387,9.892491374937592,-27.58127771874886,8.681051496315115
9.092485904693604,28.475764344631557,9.822706146467343,-24.276450948508835,9.525051051103507
9.107333421707153,26.705673206045553,9.752935631152846,-28.119403981761455,8.148396475617352
9.121402025222778,27.56266390700437,8.998000689277797,-32.13660899780197,9.692415895622428
9.137210130691528,28.475764344631557,9.822706146467343,-33.30776889751458,11.528197052639756
9.152113914489746,29.40349460865973,10.64947218876245,-36.894336023339655,11.570525085310015
9.16681718826294,31.20753287723899,10.719440153962728,-38.78522397122479,12.40423657550419
9.182813882827759,31.20753287723899,10.719440153962728,-37.053537335963796,12.353629470018682
9.196739673614502,31.907356956537498,11.700743368538886,-35.90804418037331,11.100143798748153
9.212291955947876,31.20753287723899,10.719440153962728,-33.40993508696424,10.342927286035469
9.226959943771362,30.265645877154387,9.892491374937592,-31.182365798913533,8.058154535692488
9.242219686508179,28.475764344631557,9.822706146467343,-25.402614376236162,9.736593525010653
9.256912231445312,28.475764344631557,9.822706146467343,-26.971037505492383,9.00321369823289
9.272746562957764,28.475764344631557,9.822706146467343,-31.84454469001608,9.028593729292888
9.286789178848267,28.475764344631557,9.822706146467343,-32.32574877139398,10.43163163503691
9.301841020584106,29.40349460865973,10.64947218876245,-36.555818930681305,11.267945778194653
9.316604852676392,30.265645877154387,9.892491374937592,-36.664016424209606,11.586738665469593
9.331591129302979,31.20753287723899,10.719440153962728,-37.96099714176646,12.310958369344855
9.346749067306519,32.16500174681786,11.54865472858062,-37.03973430979393,11.431144303843233
9.361747741699219,31.20753287723899,10.719440153962728,-33.176589175767226,11.144542516333974
9.37673830986023,31.20753287723899,10.719440153962728,-31.6075022462489,9.643713536178796
9.392737865447998,30.265645877154387,9.892491374937592,-29.23281745752432,8.256382450871836
9.407254457473755,28.475764344631557,9.822706146467343,-26.56505117707799,9.700102650309404
9.422255754470825,27.56266390700437,8.998000689277797,-29.172300438447277,8.646861051950761
9.437253952026367,28.475764344631557,9.822706146467343,-32.71736933211571,10.059541504237657
9.452254295349121,28.475764344631557,9.822706146467343,-34.927798365334446,11.597863747796888
9.467254400253296,30.265645877154387,9.892491374937592,-36.014080729047976,11.185798717267923
9.48225450515747,31.20753287723899,10.719440153962728,-37.15111666988325,12.513125298054064
9.496783256530762,31.20753287723899,10.719440153962728,-36.22778532159193,11.881216189953271
9.51337742805481,30.957746275144647,10.87109306710321,-35.68522024571024,11.042330258125986
